X1,X2
-1.593795505350676,9.343037237858006
4.154515288398998,2.0550438233270545
5.722930079403378,3.0269717359756347
-1.5458214938084285,9.42706705513482
-7.778041862499628,-6.3881904217694405
-6.547313179171678,-7.6285961298325
4.167946970438668,3.062120280908098
-3.9245683651031644,8.593640805432962
4.685450676131915,1.3215693363349148
5.210769346921269,3.108735324121331
5.452740955067061,2.602798525864344
-7.149034025595828,-6.1625673374799845
-2.300334028047995,7.054616004318546
5.539478711661352,2.2804692048173414
4.164933525067145,1.31984045136702
-3.186119623358709,9.62596241703919
-7.350665496769593,-6.648059655918311
4.996894322193149,1.2802600886800777
-4.818879266269283,-5.124768750832742
5.052810290503726,1.4094451311367573
3.8670536216905296,1.7363510772007231
-3.746148333930832,7.693829515114045
-2.9698363940125376,10.071408354417237
3.9245751269681333,2.652767432875408
-6.655534709340853,-6.867517192494152
4.73687480122082,2.5683267093776454
3.7930851181596963,0.45832245925486736
-3.4997339481834384,8.44798839859555
-2.1655793334842888,7.251245972835587
-2.5450236621627016,10.578929784012328
-1.7181656760097033,8.104898673403582
-5.192485556078705,-5.998469836326496
4.916569635558121,2.8003529329767556
-6.02196756794925,-7.040048123239374
-2.7545857390556208,8.260549963840832
-2.9883718608980403,8.828627151534505
-7.4101283387617976,-7.455927833920627
-8.474054849945638,-7.479484616229719
1.3986114961590288,0.9487820426064422
-6.9919552408421,-7.10107919280917
6.95453740290161,0.10590449134898394
-2.6704833347187593,9.41833698501286
-2.4489674131117236,11.477528240683608
5.113116460801646,1.9003407712838591
6.405333076509198,2.3781513949016877
-1.7707310430573397,9.185654409388292
-1.106403312116651,7.612435065406041
-5.377270139055242,-6.806014812856171
2.614736249570494,2.1596239987101598
-3.109836312971555,8.722592378405045
-5.251011645579978,-8.260211051490838
-2.2130773459881743,9.275341400378212
5.2655461839931075,1.1160121275244494
-6.89814032714366,-7.168768232196085
-6.994167036403888,-5.642293281302485
3.6338614547283994,0.7589810711529998
5.326139026602615,0.36045381275108035
-6.189483199440158,-7.281330065161783
3.6583701851801504,2.435273158204003
4.375222002990145,4.693338850530351
5.9453576433824304,1.9941735255734911
-5.700330007087444,-6.812591111865838
-6.265460491107845,-6.122601883228642
3.81438163943559,1.6517838422877387
-2.4121200737047097,9.98293111873121
-8.583009630506425,-6.935657292172565
5.387172441351363,2.583539949374197
5.2639986532802565,2.601515193205012
-7.393494108487964,-7.939323115164898
-2.978672008987702,9.556846171784287
-2.9013057761849077,7.550771180066203
-6.759331559439371,-6.365670759217197
-1.68713746305826,10.911079110852269
-6.513028945054422,-7.819989379603302
-6.4955617422119625,-6.912804341370039
-1.0435488541311961,8.788509827711787
3.7560214000269685,2.12689478988626
5.154926522534149,5.825901174595453
-2.5439093927579934,7.845608090578789
-2.2516472323299856,8.939840212432154
-8.413741361886892,-5.602432771377438
-7.526200075393796,-7.961657596890341
-6.855117016892327,-6.382111302030497
-6.781951092602438,-7.653119377131413
-3.189222344631241,9.246539825359324
4.050514079283889,2.8227717809617565
-9.003522915461076,-7.405864614956708
-6.234251241566122,-5.511478035743598
4.652880728106008,3.426703761098049
-7.1285913396303435,-5.9085386423215915
-5.700187070429983,-7.349285245380651
-6.802258883503652,-7.74139379460421
4.997666196576384,2.5339542103089663
-1.3663748085377296,9.766219160885095
3.7129483646500185,1.913644327878932
-6.55690863081318,-7.707340536828269
-7.007544782632037,-7.835650033876372
-2.1779341916491863,9.98983125532068
-6.634660620042547,-7.387052768647076
-2.147802017544336,10.55232269466429
-3.6155325970587784,7.818079504117651
6.762035033240735,3.005634944491879
4.422197633000881,3.071946535927922
-5.92920335296522,-7.45701324893835
-6.5378712153741105,-5.00393875406006
5.144866115208559,2.8389248781108534
-3.417221698573961,7.60198242686303
-1.6956804056830803,7.7834218117643665
-5.234659477649986,-7.129145632832325
-7.154678888302914,-9.182030758011532
-5.328475215628747,-6.764434958983088
-8.062885703817045,-8.919341771036047
-0.62301172184222,9.18886394103016
6.783822925553427,2.607088706258743
-8.592761720242148,-5.526237219110534
-4.4279688383517914,8.987772252749105
4.488093741192518,2.5614868904253085
-8.394818253349822,-5.513235325831422
4.7041588553235645,0.8954249060114259
-7.947247620533864,-7.02248907829724
-6.898643399053959,-7.8826389579137555
-1.4781981005567992,9.94556624731452
5.08369826437433,2.7478037373700688
-1.686652710949561,7.793442478227299
-8.278194764970412,-6.317140356585376
-2.185113653657955,8.629203847782005
4.698087554674101,0.8301993861101089
-8.327711532648594,-8.287573367652502
3.120508870274088,1.4889356110744807
-2.147561598005116,8.369166373593197
3.8108838253060293,1.4129886437437624
5.593880599721304,2.62456093524653
-1.031303578311234,8.496015909924674
-4.689824257933598,-7.688407878631098
4.964045188716543,1.8430266295730475
-6.007306554430592,-6.696767587537595
-3.038957826819789,9.527553561311677
3.5689863381669893,2.455642099183917
4.199834349531118,2.1039102612268232
5.614998569645852,1.8261123024385935
4.715683394421828,1.2960079724286202
3.378994881893056,2.891031630995508
-3.3987120526782735,8.198475843232883
-7.719349033332046,-7.479502238719968
3.8216581529946287,4.065556959626193
-1.6966718006585522,10.370526156769145
-7.844550651731375,-6.194058133277507
-2.5226948477906843,7.956575199242421
4.324609591587755,2.7321389044339996
-3.6601912004750528,9.389984146543993
-1.9872560574358524,9.311270801431508
4.19336388416108,2.8295684782642043
5.321831807523065,1.662902927347276
-1.9223405292524798,11.2047417540083
4.618977242263953,2.090497067249514
-7.329692662630514,-6.257259660928447
-7.635977936435573,-8.302363302873621
-8.947069291191147,-6.969229632788735
-5.128942727142494,9.836188632573545
-0.6434231119079936,9.488119049110109
-6.887599832467887,-5.40016545438592
3.439582429172325,1.6386684480997835
3.9780923714597134,2.825603018736956
-3.4838792932800717,9.801370731940773
-6.303070228095503,-6.56885943873241
-4.116680857613978,9.198919986730626
-2.8519121395795195,8.212008858976702
-7.916873345477726,-7.070448271359555
-7.409884809523711,-7.672982425538291
4.627632063381187,1.0759153124549004
-6.874383491433087,-6.833128999511205
-3.8007463826960324,-5.76053468184137
4.4317565858708265,1.4801687492818991
-2.4416694183648264,7.589537941984865
-3.837383671951181,9.211147364067445
-2.2587047727068734,9.360734337695297
5.154914103436761,2.486955634852941
-4.059861054118883,9.08284910300435
-3.4286218572865534,10.564220533215861
-2.5862993324668544,9.355438103014965
-5.428483583356228,-5.92083876719074
-7.701847586717702,-6.636422381784034
-3.110904235282147,10.86656431270726
4.387310684834941,0.7253865019758825
-7.598071412403706,-7.093556744987794
4.753396181479349,2.6353003584617785
5.917543732016526,1.3815982951049022
-4.234115455565783,8.45199859895735
-3.053580347577933,9.125208717908187
-6.360280676910098,-5.347370680273369
-4.914902058234881,-6.844846041304218
5.797989709728169,2.7648323779036676
-2.9726153158652124,8.548556374628065
-3.7005011202553986,9.670839736832152
3.2622094682710103,1.035344644025609
6.225895652373453,0.735354185113883
5.906789985414724,1.2655002183219513
-2.4174368465172478,7.026717213597429
-2.728869510890262,9.371398699710069
-3.571501336778855,9.487878558833502
4.920870703963134,1.3504701641201382
4.41641605090225,2.687170178032824
-0.9299848075453587,9.78172085735123
-2.5040841664102893,8.779698994823175
6.772912210884368,0.021081884418230112
-6.986657551105828,-7.915351915695321
-3.9877196134201776,8.294441919803614
-2.6248459054409907,8.713182432609033
-2.281737688448621,10.321428882480749
-7.433276496498452,-8.077987485864796
5.465295185216132,2.7866793199413706
-2.2493148288043265,9.796108999975631
6.081152125294217,0.5373075327612926
-3.2112507169301026,8.686623981600553
-6.568719625553266,-5.404753376326394
-7.865353237486814,-6.376063077758102
-3.348415146275389,8.705073752347108
4.838938531801571,1.3729528067819374
-6.1680123130623805,-8.004751685113815
-8.486073511408843,-6.676645957408724
-8.199860398171912,-5.048650827421593
-4.726444733639713,-7.647457156163997
-5.953449643619629,-4.970692952805816
-6.988387339608128,-6.478397871177005
-7.755245444536027,-8.262909324240283
3.909512204510965,2.189628273522707
3.847358097795401,1.858433242473833
5.803042588383061,1.983402744960319
-1.3506020440453461,8.19360380984661
-2.267235351486716,7.101005883540523
-7.530269760273097,-7.367234977040643
-8.184096691656123,-6.210437044445908
-5.821202704301682,-8.63884907969906
-3.2924509153889874,8.692224611992646
-3.5220287433871738,9.328533460793595
-6.942306288424442,-5.924967272774708
-5.356503113881613,-6.341199549591288
-2.422150554814579,8.715278777732454
-7.579352699143856,-6.666129682541724
-3.317691225945938,8.512529084613785
-2.581207744633084,10.017819026090345
6.272290140159736,0.5430283059800993
4.70968092121812,1.5878560870789717
-2.7015585878338726,9.315833470531935
5.186976217398139,1.7709770315068378
4.813059762079283,2.358487063669569
4.853972580358305,0.727430905228744
-2.409546257965109,8.510810474082122
-7.638759852704968,-6.729715806799739
-2.216125149754069,8.299934710171954
-5.602527552491003,-8.955033172732442
-8.943926067470665,-0.6365260909024695
-5.8915876499869,6.387837632114866
7.214455664373983,6.269308638067859
2.2085018865863066,-6.256083748727875
7.295855883021169,6.472693785971394
-5.752420536730458,6.134248899780054
-7.559646475737805,5.675119982384615
-4.050041432130698,9.773812221022524
-9.625792219014887,-8.420613431775251
0.6915863137434108,0.7944665202738665
1.397906529243384,-1.518357639800973
3.663834585386672,3.4695456774269537
0.5463584336615579,-1.0560903943649436
-6.496602012146225,4.5254739282576075
4.176343179221458,3.641946041148053
4.6961388286685075,-5.795127813092611
-7.570366079003248,-5.6545935527921065
-6.187945611349537,-3.1913342792844723
0.8363184961148846,3.906004355529369
7.941122173417295,0.1073354344300892
5.558923901274005,-5.4591886871741035
-8.638858663382846,-0.07138756084063758
-8.724088079666284,4.307488519867842
8.92671969642073,1.4795375652015768
-1.671389853658244,-5.4668862534059155
-6.398819560240461,-9.32725010077527
-9.016312930174754,-6.430454083159742
8.89225134248672,3.755894540514211
0.4089857483732793,1.35072942258018
-9.8096886209834,-0.29400122621721536
-7.50470700861708,6.591419820653929
5.529823071260232,-4.556160694818898
0.3161147487180145,9.685373355238365
-5.234544448888001,2.777415990530139
-0.7554179815887974,5.999266142796218
6.4157758030590415,-4.477492803659318
-3.996044796462204,9.124094118871682
-0.8986881837728706,-2.8112168652057505
9.056095698326779,7.02951290401402
-5.3125876736297055,1.4688818910350143
5.704679538975839,9.966894647393836
-5.374556402785604,0.44194695780417526
5.791015710014385,-9.28994672106844
3.8951318156533095,3.9242490786483053
-4.466253384319499,4.050570871076067
1.7311415461968025,2.5317973246865204
-2.024656968446492,1.6572642957993864
4.330751047561813,6.8967842085525
7.666275662097675,9.970530049319876
